,AMST 101,•  AMST 101 - Explorations of Race and Racism
,AMST 103,•  AMST 103 - The Problems of Race in US Social Thought and Policy
,AMST 110,•  AMST 110 - Introduction to African American Studies
,AMST 112,•  AMST 112 - Introduction to African American Literature
,AMST 160,•  AMST 160 - Culture Power Difference
,AMST 194,•  AMST 194 - Topics Course
,AMST 200,•  AMST 200 - Critical Methods for American Studies Research
,AMST 202,•  AMST 202 - Engaging the Public: Writing and Publishing in American Studies
,AMST 203,•  AMST 203 - Politics and Inequality: The American Welfare State
,AMST 205,•  AMST 205 - Trans Theories and Politics
,AMST 209,•  AMST 209 - Civil Rights in the United States
,AMST 219,•  AMST 219 - In Motion: African Americans in the United States
,AMST 222,•  AMST 222 - Imagining the American West
,AMST 224,"•  AMST 224 - Enslavement, Resistance, and Emancipation in Comp N Amer and Caribbean Perspectives"
,AMST 225,•  AMST 225 - Native History to 1871
,AMST 226,•  AMST 226 - American Indian History since 1871
,AMST 229,•  AMST 229 - Narrating Black Women’s Resistance
,AMST 231,"•  AMST 231 - Sovereignty Matters: Critical Indigeneity, Gender and Governance"
,AMST 232,•  AMST 232 - Immigration and Ethnicity in US History
,AMST 235,"•  AMST 235 - Captives, Cannibals, and Capitalists in the Early Modern Atlantic World"
,AMST 237,•  AMST 237 - Environmental Justice
,AMST 240,"•  AMST 240 - Race, Culture, and Ethnicity in Education"
,AMST 241,"•  AMST 241 - Reclaiming Zen, Yoga and Church: Asian American Religions"
,AMST 244,•  AMST 244 - Urban Latinx Power in the U.S.
,AMST 250,"•  AMST 250 - Race, Place and Space"
,AMST 251,•  AMST 251 - Race and the Law
,AMST 253,•  AMST 253 - James Baldwin and the Black Religious Imagination
,AMST 256,•  AMST 256 - Transatlantic Slave Trade
,AMST 260,"•  AMST 260 - Race, Cultural Politics and Social Movements"
,AMST 263,•  AMST 263 - African American Theater
,AMST 265,•  AMST 265 - The Schools-to-Prison Pipeline
,AMST 268,•  AMST 268 - American Culture in the Atomic Age
,AMST 270,•  AMST 270 - Black Public Intellectuals
,AMST 271,"•  AMST 271 - Uses and Abuses: Drugs, Addiction and Recovery"
,AMST 275,•  AMST 275 - African American Literature to 1900
,AMST 281,"•  AMST 281 - Bruce Lee, His Life and Legacy"
,AMST 284,"•  AMST 284 - Radical Reelism: Indigeneity, Politics, and Visual Culture"
,AMST 288,"•  AMST 288 - Identity, Race, and Ethnicity in Japan"
,AMST 294,•  AMST 294 - Topics Course
,AMST 300,•  AMST 300 - Critical Legal Studies
,AMST 301,•  AMST 301 - Critical Prison Studies
,AMST 308,•  AMST 308 - Introduction to U.S. Latinx Studies
,AMST 315,•  AMST 315 - U.S. Imperialism from the Philippines to Viet Nam
,AMST 336,•  AMST 336 - Blacks in Paris/Noires á Paris
,AMST 340,•  AMST 340 - Living on the Edge: The Asian American Experience
,AMST 341,"•  AMST 341 - City Life: Segregation, Integration, and Gentrification"
,AMST 355,"•  AMST 355 - Abolition Feminism: Race, Gender, Sexuality and Critical Prison Studies"
,AMST 370,•  AMST 370 - Understanding Race and Racism
,AMST 380,•  AMST 380 - Topics in African American Literature
,AMST 384,•  AMST 384 - Langston Hughes: Global Writer
,AMST 387,•  AMST 387 - Latinx in the Midwest
,AMST 392,•  AMST 392 - Topics Course
,AMST 394,•  AMST 394 - Topics Course
,AMST 400,•  AMST 400 - Senior Seminar
,AMST 445,•  AMST 445 - Frontera: The U.S./Mexico Border
,AMST 494,•  AMST 494 - Topics Course
,ANTH 101 ,•  ANTH 101 - General Anthropology
,ANTH 111 ,•  ANTH 111 - Cultural Anthropology
,ANTH 112 ,•  ANTH 112 - Archaeology and Human Origins
,ANTH 115 ,•  ANTH 115 - Biological Anthropology
,ANTH 194 ,•  ANTH 194 - Topics Course
,ANTH 206 ,•  ANTH 206 - Endangered and Minority Languages
,ANTH 223 ,•  ANTH 223 - Introduction to Archaeology
,ANTH 230 ,•  ANTH 230 - Ethnographic Interviewing
,ANTH 232 ,•  ANTH 232 - Field Methods and Research Design
,ANTH 239 ,•  ANTH 239 - Medical Anthropology
,ANTH 240 ,•  ANTH 240 - Human Osteology and Paleopathology
,ANTH 241 ,•  ANTH 241 - Anthropology of Death and Dying
,ANTH 243 ,•  ANTH 243 - Psychological Anthropology
,ANTH 246 ,•  ANTH 246 - Refugees/Humanitarian Response
,ANTH 248 ,•  ANTH 248 - Defense Against the Dark Arts
,ANTH 251 ,•  ANTH 251 - Politics of Memory in Latin America
,ANTH 253 ,•  ANTH 253 - Comparative Muslim Cultures
,ANTH 255 ,•  ANTH 255 - Latin America in Motion
,ANTH 256 ,•  ANTH 256 - India and its Neighbors: The Anthropology of South Asia
,ANTH 258 ,•  ANTH 258 - Dynamic Africa
,ANTH 259 ,•  ANTH 259 - Indigenous Peoples of the Arctic
,ANTH 260 ,•  ANTH 260 - Digital Cultures
,ANTH 270 ,•  ANTH 270 - Cultural Resource Management
,ANTH 294 ,•  ANTH 294 - Topics Course
,ANTH 335 ,•  ANTH 335 - Global Generosity
,ANTH 340 ,•  ANTH 340 - Human Evolution
,ANTH 358 ,•  ANTH 358 - Anthropology of Violence
,ANTH 362 ,•  ANTH 362 - Culture and Globalization
,ANTH 363 ,•  ANTH 363 - Anthropology of Development
,ANTH 368 ,•  ANTH 368 - Life Histories/Cultures/Selves
,ANTH 369 ,•  ANTH 369 - Food and Culture
,ANTH 380 ,•  ANTH 380 - Stigma and Disabilities
,ANTH 381 ,•  ANTH 381 - Emerging Infectious Diseases
,ANTH 387 ,•  ANTH 387 - Darwin and Evolutionary Thought
,ANTH 394 ,•  ANTH 394 - Topics Course
,ANTH 405 ,•  ANTH 405 - Ethnomusicology
,ANTH 487 ,•  ANTH 487 - Theory in Anthropology
,ANTH 490 ,•  ANTH 490 - Senior Seminar
,ANTH 494 ,•  ANTH 494 - Topics Course
,ART 130,•  ART 130 - Drawing I
,ART 131,•  ART 131 - Ceramics I
,ART 149,•  ART 149 - Introduction to Visual Culture
,ART 160,•  ART 160 - Introduction to Art History I: From Prehistory to the Medieval Period
,ART 161,•  ART 161 - Introduction to Art History II: From Renaissance to Modern
,ART 194,•  ART 194 - Topics Course
,ART 210,•  ART 210 - Globalization and Contemporary Art
,ART 230,•  ART 230 - Color
,ART 233,•  ART 233 - Photography I
,ART 234,•  ART 234 - Painting I
,ART 235,•  ART 235 - Sculpture I
,ART 236,•  ART 236 - Printmaking I
,ART 238,•  ART 238 - Unconventional Clay
,ART 239,•  ART 239 - 2-D Design
,ART 252,"•  ART 252 - Gender, Sexualities, and Feminist Visual Culture"
,ART 253,"•  ART 253 - Transnational Surrealism: Art, Photography, and Film"
,ART 254,•  ART 254 - History of Body and Performance Art
,ART 263,•  ART 263 - Modern Art
,ART 264,•  ART 264 - Contemporary Art and Theory
,ART 267,•  ART 267 - 3-D Design
,ART 270,•  ART 270 - Making Sacred: Religious Images and Spaces in Asia
,ART 271,•  ART 271 - Japan and the (Inter)National Modern
,ART 272,•  ART 272 - Art of China
,ART 273,•  ART 273 - Art of Japan
,ART 280,•  ART 280 - Art and Architecture of Ancient Egypt
,ART 281,•  ART 281 - Art and Architecture of Ancient Near East
,ART 282,•  ART 282 - Art and Architecture of the Islamic World
,ART 283,•  ART 283 - Art and Architecture of Ancient Greece and Rome
,ART 284,•  ART 284 - Art and Architecture of Byzantium and Medieval Europe
,ART 285,"•  ART 285 - Making of Imperial Cities: Babylon, Rome, and Constantinople"
,ART 294,•  ART 294 - Topics Course
,ART 327,•  ART 327 - Japan and the (Inter)National Modern
,ART 330,•  ART 330 - Figure Drawing
,ART 332,•  ART 332 - Traditional and Digital Illustration
,ART 333,•  ART 333 - Photography II
,ART 334,•  ART 334 - Figure Painting
,ART 350,•  ART 350 - Embodiment and Subjectivity in Later Chinese Art
,ART 370,•  ART 370 - Drawing II
,ART 371,•  ART 371 - Painting II
,ART 372,•  ART 372 - Sculpture II
,ART 373,•  ART 373 - Printmaking II
,ART 374,•  ART 374 - Ceramics II
,ART 375,"•  ART 375 - Race, Ethnicity, Class, and Gender in American Art"
,ART 376,•  ART 376 - Word.
,ART 380,•  ART 380 - Art and Iconoclasm from the Ancient World to Early Modern Era
,ART 394,•  ART 394 - Topics Course
,ART 487,•  ART 487 - Art History Methodology Seminar
,ART 488,•  ART 488 - Senior Studio Seminar
,ART 490,•  ART 490 - Art Apprenticeship
,ART 494,•  ART 494 - Topics Course
,ASIA 111,•  ASIA 111 - Introduction to Asian Studies
,ASIA 112,•  ASIA 112 - Buddhist Literature
,ASIA 113,•  ASIA 113 - Introduction to Buddhism
,ASIA 123,•  ASIA 123 - Masterpieces of Chinese Literature
,ASIA 124,•  ASIA 124 - Dharma and Dao: Big Ideas in India and China
,ASIA 127,•  ASIA 127 - Religions of India
,ASIA 140,•  ASIA 140 - Introduction to East Asian Civilization
,ASIA 150,•  ASIA 150 - Language and Gender in Japanese Society
,ASIA 172,•  ASIA 172 - Cambodia: Empire to Today
,ASIA 194,•  ASIA 194 - Topics Course
,ASIA 205,•  ASIA 205 - Chinese and Sinophone Music
,ASIA 211,•  ASIA 211 - Asian Philosophies
,ASIA 220,"•  ASIA 220 - Foreign Policy: The Evolution of China’s Grand Strategy, 1950-2050"
,ASIA 236,•  ASIA 236 - Sanskrit and Classical Religion in India
,ASIA 241,"•  ASIA 241 - Reclaiming Zen, Yoga and Church: Asian American Religions"
,ASIA 244,•  ASIA 244 - Geography of Asia: the Political Economy
,ASIA 251,•  ASIA 251 - Cramming for the Exam: Education in Chinese Literature and History
,ASIA 254,•  ASIA 254 - Japanese Film and Animation: From the Salaryman to the Shojo
,ASIA 255,•  ASIA 255 - China on Screen
,ASIA 256,•  ASIA 256 - India and its Neighbors: The Anthropology of South Asia
,ASIA 258,•  ASIA 258 - Gender and Sexuality in China
,ASIA 260,•  ASIA 260 - Narratives of Alienation: 20th Century Japanese Fiction and Film
,ASIA 265,"•  ASIA 265 - Contemporary Mongolia: Livelihoods, Economies and Environments"
,ASIA 270,•  ASIA 270 - Religious Images/Spaces Asia
,ASIA 271,•  ASIA 271 - Japan and the (Inter)National Modern
,ASIA 272,•  ASIA 272 - Art of China
,ASIA 273,•  ASIA 273 - Art of Japan
,ASIA 274,•  ASIA 274 - The Great Tradition in China before 1840
,ASIA 275,•  ASIA 275 - The Rise of Modern China
,ASIA 276,•  ASIA 276 - The Great Tradition in Japan before 1853
,ASIA 277,•  ASIA 277 - The Rise of Modern Japan
,ASIA 282,"•  ASIA 282 - Language and Identity in Japanese, Asian-American, and Other Communities"
,ASIA 283,"•  ASIA 283 - Bruce Lee, His Life and Legacy"
,ASIA 294,•  ASIA 294 - Topics Course
,ASIA 315,•  ASIA 315 - U.S. Imperialism from the Philippines to Viet Nam
,ASIA 320,•  ASIA 320 - Asian Cities
,ASIA 327,•  ASIA 327 - Japan and the (Inter)National Modern
,ASIA 335,•  ASIA 335 - Analyzing Japanese Language
,ASIA 340,•  ASIA 340 - Living on the Edge: The Asian American Experience
,ASIA 350,•  ASIA 350 - Embodiment and Subjectivity in Later Chinese Art
,ASIA 353,•  ASIA 353 - Cyber China: Internet and Contemporary Culture
,ASIA 378,•  ASIA 378 - War Crimes and Memory in East Asia
,ASIA 394,•  ASIA 394 - Topics Course
,ASIA 494,•  ASIA 494 - Topics Course
,BIOL 101,•  BIOL 101 - Creatures and Curiosities
,BIOL 102,•  BIOL 102 - Origins
,BIOL 104,•  BIOL 104 - Biotechnology and Society
,BIOL 106,"•  BIOL 106 - Lakes, Streams and Rivers"
,BIOL 108,•  BIOL 108 - Bodies on Fire
,BIOL 110,"•  BIOL 110 - Plants, Environment, and Society"
,BIOL 112,•  BIOL 112 - Health in the Anthropocene
,BIOL 117,"•  BIOL 117 - Women, Health and Reproduction"
,BIOL 170,•  BIOL 170 - Ecology and the Environment
,BIOL 180,•  BIOL 180 - Biodiversity and Evolution
,BIOL 190,•  BIOL 190 - Genetics
,BIOL 194,•  BIOL 194 - Topics Course
,BIOL 200,•  BIOL 200 - Cell Biology
,BIOL 255,•  BIOL 255 - Cell Biology and Genetics Laboratory Methods
,BIOL 275,"•  BIOL 275 - Outdoor Environmental Education in Theory, Policy and Practice"
,BIOL 277,•  BIOL 277 - Sustainable Cities: Urban Environmental Science
,BIOL 294,•  BIOL 294 - Topics Course
,BIOL 302,•  BIOL 302 - Invertebrate Animal Diversity
,BIOL 304,•  BIOL 304 - Neuroanatomy
,BIOL 306,•  BIOL 306 - Ornithology
,BIOL 310,•  BIOL 310 - Agroecology
,BIOL 312,•  BIOL 312 - Microbiology
,BIOL 316,•  BIOL 316 - Cellular and Molecular Neuroscience
,BIOL 318,•  BIOL 318 - Soil Ecology
,BIOL 320,•  BIOL 320 - Computational Biology
,BIOL 322,•  BIOL 322 - Advanced Genetics
,BIOL 350,•  BIOL 350 - Evolutionary Biology
,BIOL 351,•  BIOL 351 - Biochemistry I
,BIOL 352,•  BIOL 352 - Biochemistry II
,BIOL 353,•  BIOL 353 - Molecular Medicine
,BIOL 354,•  BIOL 354 - Chemical Biology
,BIOL 357,•  BIOL 357 - Immunology
,BIOL 359,•  BIOL 359 - Big Data in Ecology
,BIOL 362,•  BIOL 362 - Arctic Ecology
,BIOL 364,•  BIOL 364 - Neuroimmunology
,BIOL 365,•  BIOL 365 - Comparative Vertebrate Anatomy
,BIOL 366,•  BIOL 366 - Plant Ecophysiology
,BIOL 369,•  BIOL 369 - Developmental Biology
,BIOL 370,•  BIOL 370 - Ecosystem Ecology
,BIOL 380,•  BIOL 380 - Animal Behavior: Fundamentals and Applications
,BIOL 385,•  BIOL 385 - Wildlife Monitoring Techniques
,BIOL 394,•  BIOL 394 - Topics Course
,BIOL 400,•  BIOL 400 - Seminar in Neuropharmacology
,BIOL 401,•  BIOL 401 - Mechanisms of Memory
,BIOL 402,•  BIOL 402 - Seminar in Virology
,BIOL 404,•  BIOL 404 - Seminar in Genome Editing
,BIOL 406,•  BIOL 406 - Seminar in Immunology
,BIOL 410,•  BIOL 410 - Seminar in Stem Cell Biology
,BIOL 412,•  BIOL 412 - Seminar in Cancer Biology
,BIOL 416,•  BIOL 416 - Seminar in Vertebrate Paleobiology and Evolution
,BIOL 472,•  BIOL 472 - Research in Molecular Biology
,BIOL 473,•  BIOL 473 - Research in Immunology
,BIOL 474,•  BIOL 474 - Research in Biochemistry
,BIOL 475,•  BIOL 475 - Research in Neurobiology
,BIOL 476,•  BIOL 476 - Research in Biodiversity and Evolution
,BIOL 480,•  BIOL 480 - Research in Paleobiology
,BIOL 485,•  BIOL 485 - Wildlife Conservation in the Anthropocene: An International Perspective
,BIOL 494,•  BIOL 494 - Topics Course
,CHEM 111,•  CHEM 111 - General Chemistry I: Structure and Equilibrium
,CHEM 112,•  CHEM 112 - General Chemistry II: Energetics and Reactivity
,CHEM 115,•  CHEM 115 - Accelerated General Chemistry
,CHEM 120,•  CHEM 120 - CSI Macalester
,CHEM 123,•  CHEM 123 - Food Chemistry
,CHEM 194,•  CHEM 194 - Topics Course
,CHEM 211,•  CHEM 211 - Organic Chemistry I
,CHEM 212,•  CHEM 212 - Organic Chemistry II
,CHEM 222,•  CHEM 222 - Analytical Chemistry
,CHEM 294,•  CHEM 294 - Topics Course
,CHEM 300,•  CHEM 300 - Chemistry Seminar
,CHEM 311,•  CHEM 311 - Thermodynamics and Kinetics
,CHEM 312,•  CHEM 312 - Quantum Chemistry and Spectroscopy
,CHEM 314,•  CHEM 314 - Polymers and Macromolecules
,CHEM 320,•  CHEM 320 - Computational Chemistry
,CHEM 351,•  CHEM 351 - Biochemistry I
,CHEM 352,•  CHEM 352 - Biochemistry II
,CHEM 353,•  CHEM 353 - Molecular Medicine
,CHEM 354,•  CHEM 354 - Chemical Biology
,CHEM 361,•  CHEM 361 - Advanced Organic Chemistry
,CHEM 394,•  CHEM 394 - Topics Course
,CHEM 411,•  CHEM 411 - Advanced Inorganic Chemistry
,CHEM 474,•  CHEM 474 - Research in Biochemistry
,CHEM 494,•  CHEM 494 - Topics Course
,CHIN 101,•  CHIN 101 - First Year Chinese I
,CHIN 102,•  CHIN 102 - First Year Chinese II
,CHIN 123,•  CHIN 123 - Masterpieces of Chinese Literature
,CHIN 125,•  CHIN 125 - Classical Chinese
,CHIN 194,•  CHIN 194 - Topics Course
,CHIN 203,•  CHIN 203 - Second Year Chinese I
,CHIN 204,•  CHIN 204 - Second Year Chinese II
,CHIN 251,•  CHIN 251 - Cramming for the Exam: Education in Chinese Literature and History
,CHIN 255,•  CHIN 255 - China on Screen
,CHIN 258,•  CHIN 258 - Gender and Sexuality in China
,CHIN 294,•  CHIN 294 - Topics Course
,CHIN 305,•  CHIN 305 - Third Year Chinese I
,CHIN 306,•  CHIN 306 - Third Year Chinese II
,CHIN 353,•  CHIN 353 - Cyber China: Internet and Contemporary Culture
,CHIN 407,•  CHIN 407 - Fourth Year Chinese I
,CHIN 408,•  CHIN 408 - Fourth Year Chinese II
,CHIN 409,•  CHIN 409 - Chinese in Context
,CHIN 452,•  CHIN 452 - Translating Chinese: Theory and Practice
,CHIN 494,•  CHIN 494 - Topics Course
,CLAS 101,•  CLAS 101 - The Classical Mediterranean and Middle East
,CLAS 111,•  CLAS 111 - Elementary Latin I
,CLAS 113,•  CLAS 113 - Elementary Arabic I
,CLAS 115,•  CLAS 115 - Elementary Greek I
,CLAS 117,•  CLAS 117 - Elementary Hebrew I
,CLAS 121,•  CLAS 121 - The Greek World
,CLAS 122,•  CLAS 122 - The Roman World
,CLAS 127,"•  CLAS 127 - Women, Gender and Sexuality in Ancient Greece and Rome"
,CLAS 129,•  CLAS 129 - Greek Myths
,CLAS 130,•  CLAS 130 - Early Arab and Persian Empires
,CLAS 135,•  CLAS 135 - India and Rome
,CLAS 145,"•  CLAS 145 - Pagans, Christians and Jews in Classical Antiquity: Cultures in Conflict"
,CLAS 155,"•  CLAS 155 - January in Rome: The Art, Archaeology, and Urban History of Ancient Rome"
,CLAS 194,•  CLAS 194 - Topics Course
,CLAS 200,•  CLAS 200 - Ancient and Medieval Philosophies
,CLAS 202,•  CLAS 202 - Sanskrit and Classical Religion in India
,CLAS 212,•  CLAS 212 - Elementary Latin II
,CLAS 214,•  CLAS 214 - Elementary Arabic II
,CLAS 218,•  CLAS 218 - Elementary Hebrew II
,CLAS 220,•  CLAS 220 - Ancient Healing and Medicine
,CLAS 223,•  CLAS 223 - Introduction to Archaeology
,CLAS 231,•  CLAS 231 - Intermediate Latin I: Prose
,CLAS 235,•  CLAS 235 - Elementary Greek II
,CLAS 237,•  CLAS 237 - Intermediate Hebrew I
,CLAS 241,•  CLAS 241 - Intermediate Arabic I
,CLAS 260,•  CLAS 260 - Introduction to Art History I: From Prehistory to the Medieval Period
,CLAS 261,•  CLAS 261 - Intermediate Greek: Prose
,CLAS 270,•  CLAS 270 - Cultural Resource Management
,CLAS 283,•  CLAS 283 - Art and Architecture of Ancient Greece and Rome
,CLAS 294,•  CLAS 294 - Topics Course
,CLAS 332,•  CLAS 332 - Intermediate Latin II: Poetry
,CLAS 338,•  CLAS 338 - Intermediate Hebrew II
,CLAS 342,•  CLAS 342 - Intermediate Arabic II
,CLAS 362,•  CLAS 362 - Intermediate Greek: Poetry
,CLAS 392,•  CLAS 392 - Topics Course
,CLAS 394,•  CLAS 394 - Topics Course
,CLAS 482,•  CLAS 482 - Advanced Archaeology Seminar
,CLAS 483,•  CLAS 483 - Advanced Reading in Latin
,CLAS 485,•  CLAS 485 - Advanced Arabic
,CLAS 487,•  CLAS 487 - Advanced Reading in Greek
,CLAS 490,•  CLAS 490 - Senior Seminar
,CLAS 494,•  CLAS 494 - Topics Course
,COMP 112,•  COMP 112 - Introduction to Data Science
,COMP 120,•  COMP 120 - Computing and Society
,COMP 123,•  COMP 123 - Core Concepts in Computer Science
,COMP 127,•  COMP 127 - Object-Oriented Programming and Abstraction
,COMP 128,•  COMP 128 - Data Structures
,COMP 154,•  COMP 154 - Digital Ethics
,COMP 194,•  COMP 194 - Topics Course
,COMP 212,•  COMP 212 - Intermediate Data Science
,COMP 221,•  COMP 221 - Algorithm Design and Analysis
,COMP 225,•  COMP 225 - Software Design and Development
,COMP 240,•  COMP 240 - Computer Systems
,COMP 272,•  COMP 272 - Advanced Remote Sensing
,COMP 294,•  COMP 294 - Topics Course
,COMP 302,•  COMP 302 - Introduction to Database Management Systems
,COMP 320,•  COMP 320 - Computational Biology
,COMP 321,•  COMP 321 - Software Testing
,COMP 325,•  COMP 325 - Video Games: Coding and Narrative
,COMP 340,•  COMP 340 - Digital Electronics
,COMP 342,•  COMP 342 - Operating Systems and Computer Architecture
,COMP 361,•  COMP 361 - Theory of Computation
,COMP 364,•  COMP 364 - Human-Computer Interaction
,COMP 365,•  COMP 365 - Computational Linear Algebra
,COMP 381,•  COMP 381 - Programming Languages
,COMP 394,•  COMP 394 - Topics Course
,COMP 435,•  COMP 435 - Data Visualization
,COMP 440,•  COMP 440 - Collective Intelligence
,COMP 445,•  COMP 445 - Parallel and Distributed Processing
,COMP 446,•  COMP 446 - Internet Computing
,COMP 456,•  COMP 456 - Projects in Data Science
,COMP 465,•  COMP 465 - Interactive Computer Graphics
,COMP 479,•  COMP 479 - Network Science
,COMP 480,•  COMP 480 - Bodies/Minds: AI Robotics
,COMP 484,•  COMP 484 - Introduction to Artificial Intelligence
,COMP 487,•  COMP 487 - Computer Security and Privacy
,COMP 494,•  COMP 494 - Topics Course
,ECON 113,•  ECON 113 - Financial Accounting
,ECON 115,•  ECON 115 - Introduction to American Economy
,ECON 116,•  ECON 116 - Organizational Leadership
,ECON 117,•  ECON 117 - Business Negotiations
,ECON 119,•  ECON 119 - Principles of Economics
,ECON 129,•  ECON 129 - Calculus-Based Principles of Economics
,ECON 194,•  ECON 194 - Topics Course
,ECON 210,•  ECON 210 - Business Communications
,ECON 221,•  ECON 221 - Introduction to International Economics
,ECON 225,•  ECON 225 - Comparative Economic Systems
,ECON 229,•  ECON 229 - World Economic History
,ECON 231,•  ECON 231 - Environmental Economics and Policy
,ECON 235,"•  ECON 235 - Climate Change: Science, Economics, and Policy"
,ECON 238,•  ECON 238 - Introduction to Entrepreneurship
,ECON 239,•  ECON 239 - Economics of Global Food Problems
,ECON 242,•  ECON 242 - Economics of Gender
,ECON 256,•  ECON 256 - Intro to Investment Banking
,ECON 258,•  ECON 258 - Introduction to Securities Analysis
,ECON 277,•  ECON 277 - Money and Banking
,ECON 294,•  ECON 294 - Topics Course
,ECON 325,"•  ECON 325 - China, Russia and Central Europe in Transition"
,ECON 342,•  ECON 342 - Economics of Poverty in the US
,ECON 353,•  ECON 353 - Managerial Accounting
,ECON 354,•  ECON 354 - Deals
,ECON 356,•  ECON 356 - Capital Markets
,ECON 361,•  ECON 361 - Intermediate Microeconomic Analysis
,ECON 371,•  ECON 371 - Intermediate Macroeconomic Analysis
,ECON 381,•  ECON 381 - Introduction to Econometrics
,ECON 394,•  ECON 394 - Topics Course
,ECON 405,•  ECON 405 - Industrial Organization
,ECON 406,•  ECON 406 - Industrial Organization Capstone
,ECON 421,•  ECON 421 - International Trade and Multinational Corporations
,ECON 422,•  ECON 422 - International Trade and Multinational Corporations Capstone
,ECON 425,•  ECON 425 - International Economic Development
,ECON 426,•  ECON 426 - International Economic Development Capstone
,ECON 431,•  ECON 431 - Economics of Public Policy
,ECON 432,•  ECON 432 - Economics of Public Policy Capstone
,ECON 442,•  ECON 442 - Labor Economics
,ECON 444,•  ECON 444 - Honors Seminar
,ECON 457,•  ECON 457 - Finance
,ECON 471,•  ECON 471 - Macroeconomic Modeling
,ECON 472,•  ECON 472 - Macroeconomic Modeling Capstone
,ECON 473,•  ECON 473 - Open Economy Macroeconomics
,ECON 474,•  ECON 474 - Open Economy Macroeconomics Capstone
,ECON 477,•  ECON 477 - Economic Growth
,ECON 478,•  ECON 478 - Economic Growth Capstone
,ECON 481,•  ECON 481 - Advanced Econometrics
,ECON 485,•  ECON 485 - Empirical Finance
,ECON 486,•  ECON 486 - Empirical Finance Capstone
,ECON 489,•  ECON 489 - Behavioral and Experimental Economics
,ECON 490,•  ECON 490 - Behavioral and Experimental Economics Capstone
,ECON 494,•  ECON 494 - Topics Course
,EDUC 194,•  EDUC 194 - Topics Course
,EDUC 200,•  EDUC 200 - Experiences in Education
,EDUC 202,•  EDUC 202 - Pedagogies of Enlightenment
,EDUC 220,•  EDUC 220 - Educational Psychology
,EDUC 225,"•  EDUC 225 - Education, Community and Cultural Survival in New Orleans"
,EDUC 230,•  EDUC 230 - Community Youth Development in Multicultural America
,EDUC 240,"•  EDUC 240 - Race, Culture, and Ethnicity in Education"
,EDUC 250,•  EDUC 250 - Building Trust: Education in Global Perspective
,EDUC 251,•  EDUC 251 - Cramming for the Exam: Education in Chinese Literature and History
,EDUC 260,•  EDUC 260 - Critical Issues in Urban Education
,EDUC 265,•  EDUC 265 - The Schools-to-Prison Pipeline
,EDUC 275,"•  EDUC 275 - Outdoor Environmental Education in Theory, Policy and Practice"
,EDUC 294,•  EDUC 294 - Topics Course
,EDUC 315,•  EDUC 315 - Advanced Topics in Policy: US Education Politics and Policy
,EDUC 330,•  EDUC 330 - Philosophy of Education
,EDUC 380,•  EDUC 380 - Research Methods for Education and Advocacy
,EDUC 390,•  EDUC 390 - Teaching and Learning in Urban Schools
,EDUC 394,•  EDUC 394 - Topics Course
,EDUC 460,•  EDUC 460 - Education and Social Change
,EDUC 494,•  EDUC 494 - Topics Course
,ENGL 101,•  ENGL 101 - College Writing
,ENGL 105,•  ENGL 105 - Identities and Differences in U.S. Literature
,ENGL 112,•  ENGL 112 - Introduction to African American Literature
,ENGL 115,•  ENGL 115 - Shakespeare
,ENGL 125,•  ENGL 125 - Studies in Literature
,ENGL 135,•  ENGL 135 - Poetry
,ENGL 136,•  ENGL 136 - Drama
,ENGL 137,•  ENGL 137 - Novel
,ENGL 140,•  ENGL 140 - Once Upon a Crime
,ENGL 150,•  ENGL 150 - Introduction to Creative Writing
,ENGL 194,•  ENGL 194 - Topics Course
,ENGL 200,•  ENGL 200 - Major Medieval and Renaissance British Writers
,ENGL 202,•  ENGL 202 - Great Detectives and Plots of Detection
,ENGL 208,•  ENGL 208 - Literary Publishing
,ENGL 210,•  ENGL 210 - Film Studies
,ENGL 212,•  ENGL 212 - Introduction to Literary Theory
,ENGL 220,•  ENGL 220 - Eighteenth-Century British Literature
,ENGL 224,•  ENGL 224 - Video Games: Coding and Narrative
,ENGL 225,•  ENGL 225 - Musical Fictions
,ENGL 230,•  ENGL 230 - Nineteenth-Century British Literature
,ENGL 235,•  ENGL 235 - A Kafkaesque Century
,ENGL 240,•  ENGL 240 - Twentieth Century British Literature
,ENGL 245,•  ENGL 245 - Nabokov
,ENGL 260,•  ENGL 260 - Science Fiction: From Matrix Baby Cannibals to Brave New Worlds
,ENGL 262,•  ENGL 262 - Studies in Literature and the Natural World
,ENGL 263,•  ENGL 263 - Muslim Women Writers
,ENGL 265,•  ENGL 265 - Literature and Human Rights
,ENGL 272,•  ENGL 272 - Love and Madness in Nineteenth Century American Literature
,ENGL 273,•  ENGL 273 - American Literature 1900-1945
,ENGL 274,•  ENGL 274 - American Literature 1945-Present
,ENGL 275,•  ENGL 275 - African American Literature to 1900
,ENGL 276,•  ENGL 276 - African American Literature 1900 to Present
,ENGL 277,•  ENGL 277 - Angels and Demons of the American Renaissance (1835-1880)
,ENGL 280,•  ENGL 280 - Crafts of Writing: Poetry
,ENGL 281,•  ENGL 281 - Crafts of Writing: Fiction
,ENGL 282,•  ENGL 282 - The Crafts of Writing: Creative Nonfiction
,ENGL 284,•  ENGL 284 - The Crafts of Writing: Screenwriting
,ENGL 285,•  ENGL 285 - Playwriting
,ENGL 286,•  ENGL 286 - Narrative Journalism
,ENGL 294,•  ENGL 294 - Topics Course
,ENGL 304,•  ENGL 304 - Medieval Heroic Narrative
,ENGL 308,•  ENGL 308 - Literature and Sexuality
,ENGL 310,•  ENGL 310 - Shakespeare Studies
,ENGL 313,•  ENGL 313 - Literature in the Age of Shakespeare
,ENGL 315,•  ENGL 315 - Milton
,ENGL 331,•  ENGL 331 - Nineteenth-Century British Novel
,ENGL 341,•  ENGL 341 - 20th Century British Novel
,ENGL 350,•  ENGL 350 - 20th Century Poetry
,ENGL 362,"•  ENGL 362 - Gendered, Feminist, and Womanist Writings"
,ENGL 367,•  ENGL 367 - Postcolonial Theory
,ENGL 377,•  ENGL 377 - Native American Literature
,ENGL 380,•  ENGL 380 - Topics in African American Literature
,ENGL 384,•  ENGL 384 - Langston Hughes: Global Writer
,ENGL 385,•  ENGL 385 - Intermediate Playwriting
,ENGL 386,•  ENGL 386 - From Literature to Film: Studies in Adaptation
,ENGL 387,•  ENGL 387 - International Storytelling
,ENGL 394,•  ENGL 394 - Topics Course
,ENGL 400,•  ENGL 400 - Seminar: Special Topics in Literary Studies
,ENGL 401,•  ENGL 401 - Projects in Literary Research
,ENGL 406,•  ENGL 406 - Projects in Creative Writing
,ENGL 494,•  ENGL 494 - Topics Course
,ENVI 106,"•  ENVI 106 - Lakes, Streams and Rivers"
,ENVI 130,•  ENVI 130 - Science of Renewable Energy
,ENVI 133,•  ENVI 133 - Environmental Science
,ENVI 150,•  ENVI 150 - Climate and Society
,ENVI 160,•  ENVI 160 - Dynamic Earth and Global Change
,ENVI 170,•  ENVI 170 - Ecology and the Environment
,ENVI 172,•  ENVI 172 - Psychology in the Material World
,ENVI 180,•  ENVI 180 - Oceanography
,ENVI 194,•  ENVI 194 - Topics Course
,ENVI 202,•  ENVI 202 - Sustainability and the Campus
,ENVI 203,•  ENVI 203 - Introduction to Urban Ecology
,ENVI 204,•  ENVI 204 - Earth and the Environment: Elements of Physical Geography
,ENVI 215,•  ENVI 215 - Environmental Politics/Policy
,ENVI 220,•  ENVI 220 - Environmental Geology
,ENVI 221,•  ENVI 221 - Environmental Ethics
,ENVI 225,•  ENVI 225 - 100 Words for Snow: Language and Nature
,ENVI 230,•  ENVI 230 - Green Germany
,ENVI 231,•  ENVI 231 - Environmental Economics and Policy
,ENVI 232,"•  ENVI 232 - People, Agriculture and the Environment"
,ENVI 234,•  ENVI 234 - U.S. Environmental History
,ENVI 235,"•  ENVI 235 - Climate Change: Science, Economics, and Policy"
,ENVI 236,•  ENVI 236 - Consumer Nation: American Consumer Culture in the 20th Century
,ENVI 237,•  ENVI 237 - Environmental Justice
,ENVI 239,•  ENVI 239 - Economics of Global Food Problems
,ENVI 240,•  ENVI 240 - The Earth’s Climate System
,ENVI 252,•  ENVI 252 - Water and Power
,ENVI 254,•  ENVI 254 - Population 8 Billion: Global Population Issues and Trends
,ENVI 258,•  ENVI 258 - Geog of Environmental Hazards
,ENVI 259,•  ENVI 259 - Indigenous Peoples of the Arctic
,ENVI 262,•  ENVI 262 - Studies in Literature and the Natural World
,ENVI 264,•  ENVI 264 - Convergence: Art/Science/Design in Our City
,ENVI 268,•  ENVI 268 - American Culture in the Atomic Age
,ENVI 270,•  ENVI 270 - Psychology of Sustainable Behavior
,ENVI 274,•  ENVI 274 - Spinoza’s Eco-Society: Contractless Society and Its Ecology
,ENVI 275,"•  ENVI 275 - Outdoor Environmental Education in Theory, Policy and Practice"
,ENVI 277,•  ENVI 277 - Sustainable Cities: Urban Environmental Science
,ENVI 280,•  ENVI 280 - Environmental Classics
,ENVI 281,•  ENVI 281 - The Andes: Landscape and Power
,ENVI 294,•  ENVI 294 - Topics Course
,ENVI 310,•  ENVI 310 - Agroecology
,ENVI 335,•  ENVI 335 - Science and Citizenship
,ENVI 337,•  ENVI 337 - Energy Justice
,ENVI 340,•  ENVI 340 - US Urban Environmental History
,ENVI 343,•  ENVI 343 - Imperial Nature: The United States and the Global Environment
,ENVI 350,•  ENVI 350 - Renewable Energy Systems
,ENVI 359,•  ENVI 359 - Big Data in Ecology
,ENVI 360,•  ENVI 360 - Paleoclimate
,ENVI 362,•  ENVI 362 - Arctic Ecology
,ENVI 366,•  ENVI 366 - Plant Ecophysiology
,ENVI 368,•  ENVI 368 - Sustainable Development and Global Future
,ENVI 370,•  ENVI 370 - Ecosystem Ecology
,ENVI 372,•  ENVI 372 - Remote Sensing of the Environment
,ENVI 375,•  ENVI 375 - Rural Landscapes and Livelihoods
,ENVI 380,•  ENVI 380 - Animal Behavior: Fundamentals and Applications
,ENVI 385,•  ENVI 385 - Wildlife Monitoring Techniques
,ENVI 392,•  ENVI 392 - Topics Course
,ENVI 394,•  ENVI 394 - Topics Course
,ENVI 477,•  ENVI 477 - Comparative Environment and Development
,ENVI 478,•  ENVI 478 - Another World is Possible: The Political Economy of Urban Sustainability
,ENVI 485,•  ENVI 485 - Wildlife Conservation in the Anthropocene: An International Perspective
,ENVI 489,•  ENVI 489 - Environmental Leadership Practicum
,ENVI 490,•  ENVI 490 - Envi St Leadership Seminar
,ENVI 494,•  ENVI 494 - Topics Course
,FREN 101,•  FREN 101 - French I
,FREN 102,•  FREN 102 - French II
,FREN 111,•  FREN 111 - Accelerated French I-II
,FREN 194,•  FREN 194 - Topics Course
,FREN 203,•  FREN 203 - French III
,FREN 204,"•  FREN 204 - Text, Film and Media"
,FREN 294,•  FREN 294 - Topics Course
,FREN 305,•  FREN 305 - Advanced Expression: Communication Tools
,FREN 306,•  FREN 306 - Introduction to Literary Analysis
,FREN 310,•  FREN 310 - Passerelles: Introduction to French and Francophone Studies
,FREN 311,•  FREN 311 - Francophone Cultures of/in America
,FREN 320,•  FREN 320 - Francophone Theater of Exile and Immigration
,FREN 321,•  FREN 321 - Introduction to French Cinema
,FREN 322,•  FREN 322 - Introduction to Cinema in Francophone Africa
,FREN 322,•  FREN 322 - Introduction to Cinema in Francophone Africa
,FREN 323,•  FREN 323 - A Table! A Culinary Approach to French and Francophone Cultures
,FREN 330,•  FREN 330 - Towards a Postcolonial Pacific
,FREN 332,•  FREN 332 - Border-Crossings and Immigration in Western Europe Through Literature and Cinema
,FREN 336,•  FREN 336 - Blacks in Paris/Noires á Paris
,FREN 340,•  FREN 340 - Voices of the Francophone Mediterranean
,FREN 341,•  FREN 341 - The Francophone Caribbean Islands
,FREN 342,•  FREN 342 - Literature and Cinema of Immigration in France
,FREN 344,•  FREN 344 - Francophone Islands: An Oceanic Perspective
,FREN 345,"•  FREN 345 - Censorship in Francophone Africa: Film, Literature and Popular Music"
,FREN 350,•  FREN 350 - Contemporary Québec
,FREN 370,•  FREN 370 - Translation Workshop
,FREN 371,•  FREN 371 - French Intellectuals in/and the World
,FREN 378,"•  FREN 378 - Inventing the Future: Technology, Utopia and Dystopia in French Literary and Visual Culture"
,FREN 380,•  FREN 380 - In Search of Happiness and Well-Being
,FREN 394,•  FREN 394 - Topics Course
,FREN 403,•  FREN 403 - Voices from the Pacific Rim
,FREN 420,•  FREN 420 - French Avant-Gardes in the 20th and 21st Centuries
,FREN 445,•  FREN 445 - How to Start a Revolution: Revolutionary France and its Legacy
,FREN 446,•  FREN 446 - The Animal and the Human in the French Enlightenment
,FREN 450,•  FREN 450 - Money and the Marketplace in the 19th Century
,FREN 451,•  FREN 451 - Environmentalism in the 19th Century
,FREN 452,"•  FREN 452 - Dreams, Drugs, and Demons: The Sacred and Profane in French Literature and Culture"
,FREN 475,"•  FREN 475 - Parisian Women, 1730-2010"
,FREN 477,•  FREN 477 - African and French Cinema in Dialogue
,FREN 488,•  FREN 488 - Senior Seminar
,FREN 494,•  FREN 494 - Topics Course
,GEOG 111,•  GEOG 111 - Human Geography of Global Issues
,GEOG 113,"•  GEOG 113 - World Regional Geography: People, Places and Globalization"
,GEOG 115,•  GEOG 115 - Thinking Geographically: The Fundamentals of Human Geography
,GEOG 194,•  GEOG 194 - Topics Course
,GEOG 203,•  GEOG 203 - Introduction to Urban Ecology
,GEOG 204,•  GEOG 204 - Earth and the Environment: Elements of Physical Geography
,GEOG 220,•  GEOG 220 - Environmental Geology
,GEOG 225,•  GEOG 225 - Introduction to Geographic Information Systems
,GEOG 232,"•  GEOG 232 - People, Agriculture and the Environment"
,GEOG 234,"•  GEOG 234 - Migration, Environment and Place Identity(ies): Exploring Geographies of Home, Mobility and Place"
,GEOG 239,•  GEOG 239 - Neotropical Landscapes
,GEOG 241,•  GEOG 241 - Urban Geography
,GEOG 242,•  GEOG 242 - Regional Geography of the US and Canada
,GEOG 243,•  GEOG 243 - Geography of Africa: Local Resources and Livelihoods in a Global Context
,GEOG 244,•  GEOG 244 - Geography of Asia: the Political Economy
,GEOG 247,•  GEOG 247 - Regional Geography of the Middle East
,GEOG 248,•  GEOG 248 - The Political Geography of Nations and Nationalism
,GEOG 249,•  GEOG 249 - Environment and Society in Latin America
,GEOG 250,"•  GEOG 250 - Race, Place and Space"
,GEOG 252,•  GEOG 252 - Water and Power
,GEOG 254,•  GEOG 254 - Population 8 Billion: Global Population Issues and Trends
,GEOG 256,•  GEOG 256 - Health Geography
,GEOG 258,•  GEOG 258 - Geography of Environmental Hazards
,GEOG 261,•  GEOG 261 - World Urbanization
,GEOG 262,•  GEOG 262 - Metro Analysis
,GEOG 263,•  GEOG 263 - The End of Public Space? Searching for the Inclusive City
,GEOG 265,"•  GEOG 265 - Contemporary Mongolia: Livelihoods, Economies and Environments"
,GEOG 277,•  GEOG 277 - Qualitative Research Methods in Geography
,GEOG 294,•  GEOG 294 - Topics Course
,GEOG 320,•  GEOG 320 - Asian Cities
,GEOG 341,"•  GEOG 341 - City Life: Segregation, Integration, and Gentrification"
,GEOG 362,•  GEOG 362 - Remote Sensing of the Environment
,GEOG 363,•  GEOG 363 - Geography of Development and Underdevelopment
,GEOG 364,•  GEOG 364 - GIS and Community Partnerships
,GEOG 365,•  GEOG 365 - Urban GIS
,GEOG 367,•  GEOG 367 - Environmental Geographic Information Systems (GIS)
,GEOG 368,•  GEOG 368 - Health GIS
,GEOG 370,•  GEOG 370 - Advanced Cartography and Geovisualization
,GEOG 372,•  GEOG 372 - Advanced Remote Sensing
,GEOG 375,•  GEOG 375 - Rural Landscapes and Livelihoods
,GEOG 378,•  GEOG 378 - Statistical Research Methods in Geography
,GEOG 394,•  GEOG 394 - Topics Course
,GEOG 472,•  GEOG 472 - Global Urbanism
,GEOG 474,•  GEOG 474 - Our Changing Planet: A Seminar in Land-Change Science
,GEOG 475,•  GEOG 475 - Health Geography Seminar
,GEOG 476,•  GEOG 476 - Transportation Geography Seminar
,GEOG 477,•  GEOG 477 - Comparative Environment and Development
,GEOG 478,•  GEOG 478 - Another World is Possible: The Political Economy of Urban Sustainability
,GEOG 479,"•  GEOG 479 - Migrants, Migration and the Global Landscape of Population Change"
,GEOG 494,•  GEOG 494 - Topics Course
,GEOL 101,•  GEOL 101 - Dinosaurs
,GEOL 102,•  GEOL 102 - Exploring the Solar System
,GEOL 103,•  GEOL 103 - Geocinema
,GEOL 105,•  GEOL 105 - Geohazards
,GEOL 160,•  GEOL 160 - Dynamic Earth and Global Change
,GEOL 165,•  GEOL 165 - History/Evolution of Earth
,GEOL 194,•  GEOL 194 - Topics Course
,GEOL 200,•  GEOL 200 - Field Excursion Seminar
,GEOL 201,•  GEOL 201 - Geological Excursions
,GEOL 220,•  GEOL 220 - Environmental Geology
,GEOL 240,•  GEOL 240 - Field Methods
,GEOL 250,•  GEOL 250 - Mineralogy
,GEOL 255,•  GEOL 255 - Structural Geology
,GEOL 260,•  GEOL 260 - Geomorphology
,GEOL 265,•  GEOL 265 - Sedimentology/Stratigraphy
,GEOL 294,•  GEOL 294 - Topics Course
,GEOL 300,•  GEOL 300 - Paleobiology
,GEOL 302,•  GEOL 302 - Petrology and Geochemistry
,GEOL 303,•  GEOL 303 - Surface/Groundwater Hydrology
,GEOL 304,•  GEOL 304 - Tectonics
,GEOL 360,•  GEOL 360 - Paleoclimate
,GEOL 394,•  GEOL 394 - Topics Course
,GEOL 400,•  GEOL 400 - Capstone Research Methods
,GEOL 416,•  GEOL 416 - Seminar in Vertebrate Paleobiology and Evolution
,GEOL 494,•  GEOL 494 - Topics Course
,GERM 101,•  GERM 101 - Elementary German I
,GERM 102,•  GERM 102 - Elementary German II
,GERM 110,•  GERM 110 - Accelerated Elementary German
,GERM 174,•  GERM 174 - Vampires - from Monsters to Superheroes
,GERM 194,•  GERM 194 - Topics Course
,GERM 203,•  GERM 203 - Intermediate German I
,GERM 204,•  GERM 204 - Intermediate German II
,GERM 230,•  GERM 230 - Green Germany
,GERM 271,•  GERM 271 - ”Dead White Men” in the Era of Antiracism
,GERM 273,•  GERM 273 - German-French Dialogues in Critical Theory: Marx-Freud-Sartre-Lacan
,GERM 274,•  GERM 274 - Spinoza’s Eco-Society: Contractless Society and Its Ecology
,GERM 275,•  GERM 275 - Theoretical Approaches to European and American Cinema
,GERM 276,"•  GERM 276 - Marx, the Imaginary, and Neoliberalism"
,GERM 277,•  GERM 277 - Metaphysics in Secular Thought
,GERM 278,"•  GERM 278 - Marx, Religion, and Biopolitical Race"
,GERM 279,"•  GERM 279 - Value: The Bad, the Ugly, and the Cheap"
,GERM 294,•  GERM 294 - Topics Course
,GERM 308,•  GERM 308 - German Cultural History I: Uniting and Dividing Germany
,GERM 309,•  GERM 309 - German Cultural History II: Ruptures and Remakings of Modern Germany
,GERM 316,•  GERM 316 - Reading Marx
,GERM 363,"•  GERM 363 - Cyborgs, Puppets and Borderline Humans"
,GERM 364,"•  GERM 364 - Migration, Then and Now"
,GERM 365,•  GERM 365 - A Kafkaesque Century
,GERM 366,•  GERM 366 - Cinema Studies
,GERM 394,•  GERM 394 - Topics Course
,GERM 488,•  GERM 488 - Senior Seminar
,GERM 494,•  GERM 494 - Topics Course
,HIST 111,•  HIST 111 - Making Modern Europe
,HIST 113,•  HIST 113 - Time Travelers: Tourism in Global History
,HIST 114,•  HIST 114 - History of Africa to 1800
,HIST 115,•  HIST 115 - Africa Since 1800
,HIST 121,•  HIST 121 - The Greek World
,HIST 122,•  HIST 122 - The Roman World
,HIST 125,•  HIST 125 - Influential Indians: A Biographical Approach to American Indian History
,HIST 137,•  HIST 137 - From Confederation to Confederacy: US History from Independence to the Civil War
,HIST 140,•  HIST 140 - Introduction to East Asian Civilization
,HIST 149,•  HIST 149 - First Encounters
,HIST 154,•  HIST 154 - African Life Histories
,HIST 164,•  HIST 164 - Global Health Histories
,HIST 168,•  HIST 168 - Introduction to Gender History
,HIST 170,•  HIST 170 - History of Childhood
,HIST 180,•  HIST 180 - Going Global: The Experiment of World History
,HIST 181,•  HIST 181 - Introduction to Latin America and the Caribbean
,HIST 194,•  HIST 194 - Topics Course
,HIST 201,•  HIST 201 - History of U.S. Feminisms
,HIST 209,•  HIST 209 - Civil Rights in the United States
,HIST 213,•  HIST 213 - Women in African History
,HIST 219,•  HIST 219 - In Motion: African Americans in the United States
,HIST 222,•  HIST 222 - Imagining the American West
,HIST 224,"•  HIST 224 - Enslavement, Resistance, and Emancipation in Comp N Amer and Caribbean Perspectives"
,HIST 225,•  HIST 225 - Native History to 1871
,HIST 226,•  HIST 226 - American Indian History since 1871
,HIST 228,"•  HIST 228 - The Law, Economy, and Family in the Anglo-American Tradition"
,HIST 229,•  HIST 229 - Narrating Black Women’s Resistance
,HIST 232,•  HIST 232 - Immigration and Ethnicity in US History
,HIST 234,•  HIST 234 - U.S. Environmental History
,HIST 235,"•  HIST 235 - Captives, Cannibals, and Capitalists in the Early Modern Atlantic World"
,HIST 236,•  HIST 236 - Consumer Nation: American Consumer Culture in the 20th Century
,HIST 244,•  HIST 244 - US Since 1945
,HIST 250,"•  HIST 250 - Science, Magic and Belief"
,HIST 251,"•  HIST 251 - Pirates, Translators, Missionaries"
,HIST 252,•  HIST 252 - Conversion and Inquisition: Religious Change
,HIST 256,•  HIST 256 - Transatlantic Slave Trade
,HIST 258,•  HIST 258 - Postwar Europe
,HIST 259,"•  HIST 259 - Women, Gender, and the Family in Contemporary Europe"
,HIST 260,•  HIST 260 - Rise/Fall of Tsarist Russia
,HIST 261,"•  HIST 261 - Making History: Russian Cinema as Testimony, Propaganda, and Art"
,HIST 262,•  HIST 262 - Soviet Union and Successors
,HIST 265,•  HIST 265 - Europe in the Era of World War
,HIST 266,"•  HIST 266 - European Revolutions, 1789-1917"
,HIST 267,•  HIST 267 - Race and Immigration in Europe
,HIST 268,•  HIST 268 - American Indians in Public History: Museums and Memor
,HIST 271,"•  HIST 271 - Uses and Abuses: Drugs, Addiction and Recovery"
,HIST 274,•  HIST 274 - The Great Tradition in China before 1840
,HIST 275,•  HIST 275 - The Rise of Modern China
,HIST 276,•  HIST 276 - The Great Tradition in Japan before 1853
,HIST 277,•  HIST 277 - The Rise of Modern Japan
,HIST 281,•  HIST 281 - The Andes: Landscape and Power
,HIST 282,•  HIST 282 - Latin America: Art and Nation
,HIST 283,•  HIST 283 - Amazon: A Cultural History
,HIST 284,•  HIST 284 - Imaging the Modern City
,HIST 285,•  HIST 285 - Cold War Latin America
,HIST 290,•  HIST 290 - History: Then and Now
,HIST 294,•  HIST 294 - Topics Course
,HIST 305,•  HIST 305 - Telling Queer and Trans Stories: Oral History as Method and Practice
,HIST 315,•  HIST 315 - U.S. Imperialism from the Philippines to Viet Nam
,HIST 320,•  HIST 320 - Decolonization
,HIST 340,•  HIST 340 - US Urban Environmental History
,HIST 343,•  HIST 343 - Imperial Nature: The United States and the Global Environment
,HIST 350,"•  HIST 350 - Race, Gender, and Medicine"
,HIST 353,•  HIST 353 - Oceans in World History
,HIST 367,•  HIST 367 - The Holocaust
,HIST 374,•  HIST 374 - Listen Closely: Oral History Theory and Methods
,HIST 376,•  HIST 376 - Public History
,HIST 377,•  HIST 377 - Rumors in History
,HIST 378,•  HIST 378 - War Crimes and Memory in East Asia
,HIST 381,•  HIST 381 - Transnational Latin Americas
,HIST 382,•  HIST 382 - Remembering the Modern City
,HIST 394,•  HIST 394 - Topics Course
,HIST 490,•  HIST 490 - Senior Seminar
,HIST 494,•  HIST 494 - Topics Course
,INTL 110,•  INTL 110 - Introduction to International Studies: Globalization - Homogeneity and Heterogeneity
,INTL 111,•  INTL 111 - Introduction to International Studies: Literature and Global Culture
,INTL 112,"•  INTL 112 - Introduction to International Studies: Globalization, Media, and Technology"
,INTL 113,•  INTL 113 - Introduction to International Studies: Border-crossing in the Age of Globalization
,INTL 114,•  INTL 114 - Introduction to International Studies: International Codes of Conduct
,INTL 194,•  INTL 194 - Topics Course
,INTL 202,•  INTL 202 - Global Media Industries
,INTL 210,•  INTL 210 - Globalization and Contemporary Art
,INTL 225,•  INTL 225 - Comparative Economic Systems
,INTL 232,•  INTL 232 - Introduction to Social Entrepreneurship
,INTL 235,•  INTL 235 - Barack Obama on the Global Stage
,INTL 239,•  INTL 239 - Economics of Global Food Problems
,INTL 245,•  INTL 245 - Introduction to International Human Rights
,INTL 246,•  INTL 246 - Global Adolescent Sexual and Reproductive Health
,INTL 250,•  INTL 250 - Terrorism and Art: The Spectacle of Destruction
,INTL 253,•  INTL 253 - Comparative Muslim Cultures
,INTL 258,•  INTL 258 - The Middle East Through Film
,INTL 260,•  INTL 260 - Digital Cultures
,INTL 263,•  INTL 263 - Muslim Women Writers
,INTL 265,•  INTL 265 - Translation as Cross-Cultural Communication
,INTL 272,•  INTL 272 - The Post-Soviet Sphere
,INTL 276,"•  INTL 276 - Global Contagions, Past and Present"
,INTL 280,•  INTL 280 - Indigenous Peoples’ Movements in Global Context
,INTL 282,•  INTL 282 - Introduction to International Public Health
,INTL 284,•  INTL 284 - Imaging the Modern City
,INTL 285,•  INTL 285 - Ethnicity and Nationalism in Central and Eastern Europe
,INTL 288,"•  INTL 288 - Identity, Race, and Ethnicity in Japan"
,INTL 290,•  INTL 290 - World to Table: Global Food Studies
,INTL 294,•  INTL 294 - Topics Course
,INTL 301,•  INTL 301 - Power and Development in Africa
,INTL 316,"•  INTL 316 - Mapping the New World: Exploration, Encounters, and Disasters"
,INTL 317,•  INTL 317 - Writers and Power: The European East in the 20th Century
,INTL 320,•  INTL 320 - Global Political Economy
,INTL 321,•  INTL 321 - Cultures of Neoliberalism
,INTL 325,"•  INTL 325 - China, Russia and Central Europe in Transition"
,INTL 330,•  INTL 330 - Surveillance and Power
,INTL 335,•  INTL 335 - Global Generosity
,INTL 345,•  INTL 345 - Advanced Themes in Human Rights
,INTL 352,•  INTL 352 - Transitional Justice
,INTL 362,•  INTL 362 - Culture and Globalization
,INTL 364,•  INTL 364 - Culture and Revolution
,INTL 367,•  INTL 367 - Postcolonial Theory
,INTL 368,•  INTL 368 - Sustainable Development and Global Future
,INTL 372,•  INTL 372 - Post-Nationalism: The European Union
,INTL 380,•  INTL 380 - Global Leadership
,INTL 381,•  INTL 381 - Transnational Latin Americas
,INTL 382,"•  INTL 382 - Poverty, Health, and Development"
,INTL 384,•  INTL 384 - Langston Hughes: Global Writer
,INTL 394,•  INTL 394 - Topics Course
,INTL 415,•  INTL 415 - Cultural Resistance and Survival: Indigenous and African Peoples in Early Spanish America
,INTL 477,•  INTL 477 - Comparative Environment and Development
,INTL 485,•  INTL 485 - Senior Seminar: Confronting Global Hatred
,INTL 487,•  INTL 487 - Senior Seminar: Globalization and its Discontents
,INTL 488,•  INTL 488 - Senior Seminar: Thinking on a World Scale
,INTL 489,•  INTL 489 - Senior Seminar: Capitalism and World (Dis)Order
,INTL 494,•  INTL 494 - Topics Course
,JAPA 101,•  JAPA 101 - First Year Japanese I
,JAPA 102,•  JAPA 102 - First Year Japanese II
,JAPA 125,•  JAPA 125 - Classical Chinese
,JAPA 150,•  JAPA 150 - Language and Gender in Japanese Society
,JAPA 194,•  JAPA 194 - Topics Course
,JAPA 203,•  JAPA 203 - Second Year Japanese I
,JAPA 204,•  JAPA 204 - Second Year Japanese II
,JAPA 254,•  JAPA 254 - Japanese Film and Animation: From the Salaryman to the Shojo
,JAPA 260,•  JAPA 260 - Narratives of Alienation: 20th Century Japanese Fiction and Film
,JAPA 282,"•  JAPA 282 - Language and Identity in Japanese, Asian-American, and Other Communities"
,JAPA 288,"•  JAPA 288 - Identity, Race, and Ethnicity in Japan"
,JAPA 294,•  JAPA 294 - Topics Course
,JAPA 305,•  JAPA 305 - Third Year Japanese I
,JAPA 306,•  JAPA 306 - Third Year Japanese II
,JAPA 335,•  JAPA 335 - Analyzing Japanese Language
,JAPA 394,•  JAPA 394 - Topics Course
,JAPA 407,•  JAPA 407 - Fourth Year Japanese I
,JAPA 408,•  JAPA 408 - Fourth Year Japanese II
,JAPA 488,•  JAPA 488 - Translating Japanese Literature: Theory and Practice
,JAPA 494,•  JAPA 494 - Topics Course
,LATI 141,•  LATI 141 - Latin America Through Women’s Eyes
,LATI 151,•  LATI 151 - Caribbean Literature and Culture: Aesthetics of Resistance
,LATI 181,•  LATI 181 - Introduction to Latin America
,LATI 194,•  LATI 194 - Topics Course
,LATI 235,"•  LATI 235 - Captives, Cannibals, and Capitalists in the Early Modern Atlantic World"
,LATI 239,•  LATI 239 - Neotropical Landscapes
,LATI 244,•  LATI 244 - Urban Latinx Power in the U.S.
,LATI 245,•  LATI 245 - Latin American Politics
,LATI 246,•  LATI 246 - Comparative Democratization
,LATI 248,•  LATI 248 - Struggles for Reproductive Justice: A Global Perspective
,LATI 249,•  LATI 249 - Environment and Society in Latin America
,LATI 251,•  LATI 251 - Politics of Memory in Latin America
,LATI 255,•  LATI 255 - Latin America in Motion
,LATI 258,•  LATI 258 - Immigrant Voices in Times of Fear
,LATI 281,•  LATI 281 - The Andes: Landscape and Power
,LATI 282,•  LATI 282 - Latin America: Art and Nation
,LATI 283,•  LATI 283 - Amazon: A Cultural History
,LATI 285,•  LATI 285 - Cold War Latin America
,LATI 294,•  LATI 294 - Topics Course
,LATI 307,•  LATI 307 - Introduction to the Analysis of Hispanic Texts
,LATI 308,•  LATI 308 - Introduction to U.S. Latinx Studies
,LATI 316,"•  LATI 316 - Mapping the New World: Exploration, Encounters, and Disasters"
,LATI 331,•  LATI 331 - Journeys though Brazil
,LATI 341,•  LATI 341 - Comparative Social Movements
,LATI 342,•  LATI 342 - Urban Politics of Latin America
,LATI 355,•  LATI 355 - Cultural Resistance and Survival: Indigenous and African Peoples in Early Spanish America
,LATI 362,•  LATI 362 - Modern Hispanic Novel and the Visual Arts
,LATI 376,•  LATI 376 - Spanish Dialectology
,LATI 381,•  LATI 381 - Transnational Latin Americas
,LATI 385,•  LATI 385 - Frontera: The U.S. Mexican Border
,LATI 386,•  LATI 386 - Constructions of a Female Killer
,LATI 387,•  LATI 387 - Latinx in the Midwest
,LATI 394,•  LATI 394 - Topics Course
,LATI 488,•  LATI 488 - Senior Seminar
,LATI 494,•  LATI 494 - Topics Course
,LING 100,•  LING 100 - Introduction to Linguistics
,LING 104,•  LING 104 - Sounds of the World’s Languages
,LING 150,•  LING 150 - Language and Gender in Japanese Society
,LING 175,•  LING 175 - Sociolinguistics
,LING 194,•  LING 194 - Topics Course
,LING 200,•  LING 200 - Syntax
,LING 201,•  LING 201 - Historical Linguistics
,LING 205,•  LING 205 - Phonology
,LING 206,•  LING 206 - Endangered/Minority Languages
,LING 208,•  LING 208 - The Human Voice
,LING 220,•  LING 220 - Language and Music
,LING 225,•  LING 225 - 100 Words for Snow: Language and Nature
,LING 236,•  LING 236 - Sanskrit and Classical Religion in India
,LING 265,•  LING 265 - Translation as Cross-Cultural Communication
,LING 280,•  LING 280 - Topics in Linguistic Anthropology
,LING 282,"•  LING 282 - Language and Identity in Japanese, Asian-American, and Other Communities"
,LING 294,•  LING 294 - Topics Course
,LING 300,•  LING 300 - Linguistic Analysis
,LING 304,•  LING 304 - Experimental Phonetics
,LING 309,•  LING 309 - Introduction to Hispanic Linguistics
,LING 311,•  LING 311 - Philosophy of Language
,LING 332,•  LING 332 - Spanish in the United States
,LING 335,•  LING 335 - Analyzing Japanese Language
,LING 378,•  LING 378 - Psychology of Language
,LING 394,•  LING 394 - Topics Course
,LING 401,•  LING 401 - Field Methods
,LING 435,•  LING 435 - History of the Spanish Language
,LING 436,•  LING 436 - Spanish Dialectology
,LING 437,•  LING 437 - Applied Linguistics: Spanish Second Language Acquisition
,LING 488,•  LING 488 - Translating Japanese: Theory and Practice
,LING 494,•  LING 494 - Topics Course
,MATH 135,•  MATH 135 - Applied Multivariable Calculus I
,MATH 137,•  MATH 137 - Applied Multivariable Calculus II
,MATH 194,•  MATH 194 - Topics Course
,MATH 212,•  MATH 212 - Philosophy of Mathematics
,MATH 236,•  MATH 236 - Linear Algebra
,MATH 237,•  MATH 237 - Applied Multivariable Calculus III
,MATH 279,•  MATH 279 - Discrete Mathematics
,MATH 294,•  MATH 294 - Topics Course
,MATH 312,•  MATH 312 - Differential Equations
,MATH 313,•  MATH 313 - Advanced Symbolic Logic
,MATH 354,•  MATH 354 - Probability
,MATH 361,•  MATH 361 - Theory of Computation
,MATH 365,•  MATH 365 - Computational Linear Algebra
,MATH 375,•  MATH 375 - Graph Theory
,MATH 376,•  MATH 376 - Algebraic Structures
,MATH 377,•  MATH 377 - Real Analysis
,MATH 378,•  MATH 378 - Complex Analysis
,MATH 379,•  MATH 379 - Combinatorics
,MATH 394,•  MATH 394 - Topics Course
,MATH 432,•  MATH 432 - Mathematical Modeling
,MATH 437,•  MATH 437 - Topics in Applied Mathematics
,MATH 455,•  MATH 455 - Mathematical Statistics
,MATH 465,•  MATH 465 - Signal Processing
,MATH 471,•  MATH 471 - Topology
,MATH 476,•  MATH 476 - Representation Theory
,MATH 477,•  MATH 477 - Projects in Analysis
,MATH 479,•  MATH 479 - Network Science
,MATH 494,•  MATH 494 - Topics Course
,STAT 112,•  STAT 112 - Introduction to Data Science
,STAT 125,•  STAT 125 - Epidemiology
,STAT 155,•  STAT 155 - Introduction to Statistical Modeling
,STAT 194,•  STAT 194 - Topics Course
,STAT 212,•  STAT 212 - Intermediate Data Science
,STAT 253,•  STAT 253 - Statistical Machine Learning
,STAT 294,•  STAT 294 - Topics Course
,STAT 354,•  STAT 354 - Probability
,STAT 394,•  STAT 394 - Topics Course
,STAT 451,•  STAT 451 - Causal Inference
,STAT 452,•  STAT 452 - Correlated Data
,STAT 453,•  STAT 453 - Survival Analysis
,STAT 454,•  STAT 454 - Bayesian Statistics
,STAT 455,•  STAT 455 - Mathematical Statistics
,STAT 456,•  STAT 456 - Projects in Data Science
,STAT 494,•  STAT 494 - Topics Course
,MCST 110,•  MCST 110 - Texts and Power: Foundations of Media and Cultural Studies
,MCST 114,•  MCST 114 - News Reporting and Writing
,MCST 126,•  MCST 126 - Local News Media Institutions
,MCST 128,•  MCST 128 - Film Analysis/Visual Culture
,MCST 160,•  MCST 160 - Culture Power Difference
,MCST 194,•  MCST 194 - Topics Course
,MCST 202,•  MCST 202 - Global Media Industries
,MCST 232,•  MCST 232 - Fundamentals of Video Production
,MCST 234,•  MCST 234 - New Media Theories/Practices
,MCST 248,•  MCST 248 - History of Film 1893-1941
,MCST 249,•  MCST 249 - History of Film Since 1941
,MCST 258,•  MCST 258 - The Middle East Through Film
,MCST 266,•  MCST 266 - Cinema Studies
,MCST 268,•  MCST 268 - On Television
,MCST 271,•  MCST 271 - ”Dead White Men” in the Era of Antiracism
,MCST 273,•  MCST 273 - German-French Dialogues in Critical Theory: Marx-Freud-Sartre-Lacan
,MCST 275,•  MCST 275 - Theoretical Approaches to European and American Cinema
,MCST 276,"•  MCST 276 - Marx, the Imaginary, and Neoliberalism"
,MCST 278,"•  MCST 278 - Marx, Religion, and Biopolitical Race"
,MCST 279,"•  MCST 279 - Value: The Bad, the Ugly, and the Cheap"
,MCST 281,"•  MCST 281 - Bruce Lee, His Life and Legacy"
,MCST 284,"•  MCST 284 - Radical Reelism: Indigeneity, Politics, and Visual Culture"
,MCST 294,•  MCST 294 - Topics Course
,MCST 321,•  MCST 321 - Cultures of Neoliberalism
,MCST 330,•  MCST 330 - Surveillance and Power
,MCST 357,•  MCST 357 - Advanced Journalism: New Media
,MCST 388,•  MCST 388 - Advanced Research Topics
,MCST 394,•  MCST 394 - Topics Course
,MCST 488,•  MCST 488 - Advanced Topics Seminar
,MCST 494,•  MCST 494 - Topics Course
,MUSI 110,•  MUSI 110 - Introduction to Western Classical Music
,MUSI 111,•  MUSI 111 - World Music
,MUSI 113,•  MUSI 113 - Musicianship
,MUSI 131,•  MUSI 131 - African Music
,MUSI 153,•  MUSI 153 - Electronic Music
,MUSI 154,•  MUSI 154 - Songwriting
,MUSI 155,•  MUSI 155 - Music and Freedom
,MUSI 180,"•  MUSI 180 - Music, Race, and Ethnicity"
,MUSI 194,•  MUSI 194 - Topics Course
,MUSI 205,•  MUSI 205 - Chinese and Sinophone Music
,MUSI 211,•  MUSI 211 - World Music Theory and Analysis
,MUSI 214,•  MUSI 214 - Advanced Musicianship
,MUSI 220,•  MUSI 220 - Language and Music
,MUSI 225,•  MUSI 225 - Musical Fictions
,MUSI 233,•  MUSI 233 - Musical Architectures
,MUSI 254,•  MUSI 254 - Cover Songs
,MUSI 264,•  MUSI 264 - History of Jazz
,MUSI 294,•  MUSI 294 - Topics Course
,MUSI 315,•  MUSI 315 - A Song of Love and Death: Opera in History
,MUSI 342,"•  MUSI 342 - Sacred, Secular, Subline: Music and Meaning in Europe, 1300-1800"
,MUSI 343,•  MUSI 343 - Romanticism and Nationalism
,MUSI 344,•  MUSI 344 - Musical Modernism
,MUSI 354,•  MUSI 354 - Gender and Music
,MUSI 361,•  MUSI 361 - Composition
,MUSI 370,•  MUSI 370 - Conducting
,MUSI 394,•  MUSI 394 - Topics Course
,MUSI 405,•  MUSI 405 - Ethnomusicology
,MUSI 425,•  MUSI 425 - Late Beethoven and Critical Musicology
,MUSI 488,•  MUSI 488 - Senior Project
,MUSI 494,•  MUSI 494 - Topics Course
,NSCI 488,•  NSCI 488 - Neuroscience Capstone
,PHIL 100,•  PHIL 100 - Introduction to Philosophy
,PHIL 110,•  PHIL 110 - Critical Thinking
,PHIL 111,•  PHIL 111 - Introduction to Symbolic Logic
,PHIL 121,•  PHIL 121 - Introduction to Ethics
,PHIL 194,•  PHIL 194 - Topics Course
,PHIL 200,•  PHIL 200 - Ancient and Medieval Philosophies
,PHIL 201,•  PHIL 201 - Modern Philosophy
,PHIL 202,•  PHIL 202 - American Philosophy
,PHIL 211,•  PHIL 211 - Asian Philosophies
,PHIL 212,•  PHIL 212 - Philosophy of Religion
,PHIL 213,•  PHIL 213 - Philosophy of Mind
,PHIL 215,•  PHIL 215 - Philosophy of Sport
,PHIL 216,•  PHIL 216 - Reading Marx
,PHIL 218,•  PHIL 218 - Philosophy of Race and Gender
,PHIL 220,•  PHIL 220 - Bioethics
,PHIL 221,•  PHIL 221 - Environmental Ethics
,PHIL 224,•  PHIL 224 - Philosophy of Law
,PHIL 225,•  PHIL 225 - Digital Ethics
,PHIL 226,•  PHIL 226 - Animal Ethics
,PHIL 294,•  PHIL 294 - Topics Course
,PHIL 300,•  PHIL 300 - 20th Century Continental Philosophy
,PHIL 309,•  PHIL 309 - Philosophy of Mathematics
,PHIL 310,•  PHIL 310 - Philosophy of Science
,PHIL 311,•  PHIL 311 - Philosophy of Language
,PHIL 313,•  PHIL 313 - Advanced Symbolic Logic
,PHIL 314,•  PHIL 314 - Contemporary Metaphysics
,PHIL 315,•  PHIL 315 - Contemporary Epistemology
,PHIL 316,•  PHIL 316 - Metaethics
,PHIL 321,•  PHIL 321 - Contemporary Social and Political Philosophy
,PHIL 394,•  PHIL 394 - Topics Course
,PHIL 488,•  PHIL 488 - Seminar: Topics
,PHIL 489,•  PHIL 489 - Senior Seminar
,PHIL 494,•  PHIL 494 - Topics Course
,PHYS 111,•  PHYS 111 - Contemporary Concepts
,PHYS 112,•  PHYS 112 - Cosmos: Perspectives and Reflections
,PHYS 113,•  PHYS 113 - Modern Astronomy I
,PHYS 114,•  PHYS 114 - Modern Astronomy II
,PHYS 120,•  PHYS 120 - Astronomical Techniques
,PHYS 126,•  PHYS 126 - Introductory Physics I
,PHYS 127,•  PHYS 127 - Introductory Physics II
,PHYS 130,•  PHYS 130 - Science of Renewable Energy
,PHYS 194,•  PHYS 194 - Topics Course
,PHYS 226,•  PHYS 226 - Principles of Physics I
,PHYS 227,•  PHYS 227 - Principles of Physics II
,PHYS 294,•  PHYS 294 - Topics Course
,PHYS 331,•  PHYS 331 - Modern Physics
,PHYS 334,•  PHYS 334 - Optics
,PHYS 340,•  PHYS 340 - Digital Electronics
,PHYS 348,•  PHYS 348 - Laboratory Instrumentation
,PHYS 350,•  PHYS 350 - Energy and Sustainable Design
,PHYS 370,•  PHYS 370 - Computational Physics
,PHYS 394,•  PHYS 394 - Topics Course
,PHYS 440,•  PHYS 440 - Observational Astronomy
,PHYS 443,•  PHYS 443 - Electromagnetic Theory
,PHYS 444,•  PHYS 444 - Electromagnetic Radiation
,PHYS 460,•  PHYS 460 - Astrophysics
,PHYS 461,•  PHYS 461 - Mechanics
,PHYS 468,•  PHYS 468 - Statistical Mechanics
,PHYS 481,•  PHYS 481 - Quantum Mechanics
,PHYS 482,•  PHYS 482 - Advanced Quantum Mechanics
,PHYS 488,•  PHYS 488 - Senior Research
,PHYS 489,•  PHYS 489 - Physics Seminar
,PHYS 494,•  PHYS 494 - Topics Course
,POLI 100,•  POLI 100 - Foundations of US Politics
,POLI 120,•  POLI 120 - Foundations of International Politics
,POLI 140,•  POLI 140 - Foundations of Comparative Politics
,POLI 141,•  POLI 141 - Latin America Through Women’s Eyes
,POLI 160,•  POLI 160 - Foundations of Political Theory
,POLI 194,•  POLI 194 - Topics Course
,POLI 200,•  POLI 200 - Women and American Politics
,POLI 202,•  POLI 202 - US Campaigns and Elections
,POLI 203,•  POLI 203 - Politics and Inequality: The American Welfare State
,POLI 204,•  POLI 204 - US City and Metro Politics
,POLI 205,•  POLI 205 - US Politics and Policymaking
,POLI 206,•  POLI 206 - US Constitutional Law and Thought
,POLI 207,•  POLI 207 - US Civil Rights and Civil Liberties
,POLI 212,•  POLI 212 - Litigation and Public Policy in the U.S.
,POLI 215,•  POLI 215 - Environmental Politics/Policy
,POLI 216,•  POLI 216 - Legislative Politics
,POLI 220,"•  POLI 220 - Foreign Policy: The Evolution of China’s Grand Strategy, 1950-2050"
,POLI 221,•  POLI 221 - Global Governance
,POLI 222,•  POLI 222 - Regional Conflict/Security
,POLI 242,•  POLI 242 - Political Economy of Development
,POLI 244,•  POLI 244 - Urban Latinx Power in the U.S.
,POLI 245,•  POLI 245 - Latin American Politics
,POLI 246,•  POLI 246 - Comparative Democratization
,POLI 247,•  POLI 247 - African Politics
,POLI 250,•  POLI 250 - Comparative-Historical Methods for Social Science
,POLI 252,•  POLI 252 - Water and Power
,POLI 260,•  POLI 260 - Contemporary Political Theory
,POLI 261,•  POLI 261 - Feminist Political Theory
,POLI 262,•  POLI 262 - American Political Thought
,POLI 265,"•  POLI 265 - Work, Wealth, Well-Being"
,POLI 266,•  POLI 266 - Medieval Political Thought
,POLI 267,•  POLI 267 - Liberal and Conservative Political Theory
,POLI 268,•  POLI 268 - Contemporary Social and Political Philosophy
,POLI 269,•  POLI 269 - Empirical Research Methods
,POLI 272,•  POLI 272 - Persuasion and Political Change
,POLI 274,•  POLI 274 - Spinoza’s Eco-Society: Contractless Society and Its Ecology
,POLI 276,"•  POLI 276 - Marx, the Imaginary, and Neoliberalism"
,POLI 277,•  POLI 277 - Metaphysics in Secular Thought
,POLI 278,"•  POLI 278 - Marx, Religion, and Biopolitical Race"
,POLI 282,•  POLI 282 - Political Science Practicum
,POLI 285,•  POLI 285 - Ethnicity and Nationalism in Central and Eastern Europe
,POLI 290,•  POLI 290 - Chuck Green Civic Engagement Fellowship
,POLI 294,•  POLI 294 - Topics Course
,POLI 300,•  POLI 300 - American Government Institutions
,POLI 301,"•  POLI 301 - Law, Economy, and Identity"
,POLI 315,•  POLI 315 - Advanced Topics in Policy: US Education Politics and Policy
,POLI 320,•  POLI 320 - Global Political Economy
,POLI 321,•  POLI 321 - International Security
,POLI 322,•  POLI 322 - Advanced International Theory
,POLI 323,•  POLI 323 - Humanitarianism in World Politics
,POLI 324,"•  POLI 324 - Women, Peace and Security"
,POLI 333,•  POLI 333 - Power and Development in Africa
,POLI 335,•  POLI 335 - Science and Citizenship
,POLI 337,•  POLI 337 - Energy Justice
,POLI 341,•  POLI 341 - Comparative Social Movements
,POLI 342,•  POLI 342 - Urban Politics of Latin America
,POLI 352,•  POLI 352 - Transitional Justice
,POLI 394,•  POLI 394 - Topics Course
,POLI 400,•  POLI 400 - Senior Research Seminar
,POLI 404,•  POLI 404 - Honors Colloquium
,POLI 494,•  POLI 494 - Topics Course
,PORT 111,•  PORT 111 - Accelerated Beginning Portuguese
,PORT 194,•  PORT 194 - Topics Course
,PORT 221,•  PORT 221 - Accelerated Intermediate Portuguese
,PORT 294,•  PORT 294 - Topics Course
,PORT 331,•  PORT 331 - Journeys through Brazil
,PORT 341,•  PORT 341 - Voices from the Margins: Afro-Brazilian Women Writers
,PORT 351,"•  PORT 351 - Contemporary Texts from the Portuguese-Speaking Communities of Africa, Asia, and Oceania"
,PORT 381,"•  PORT 381 - Portugal Meets ‘the Other’, Overseas: Portuguese Navigators from the 15th to 17th Century"
,PORT 394,•  PORT 394 - Topics Course
,PORT 494,•  PORT 494 - Topics Course
,PSYC 100,•  PSYC 100 - Introduction to Psychology
,PSYC 172,•  PSYC 172 - Psychology in the Material World
,PSYC 180,"•  PSYC 180 - Brain, Mind, and Behavior"
,PSYC 182,•  PSYC 182 - Drugs and Society
,PSYC 194,•  PSYC 194 - Topics Course
,PSYC 201,•  PSYC 201 - Research in Psychology I
,PSYC 220,•  PSYC 220 - Educational Psychology
,PSYC 240,•  PSYC 240 - Principles of Learning and Behavior
,PSYC 242,•  PSYC 242 - Cognitive Psychology
,PSYC 243,•  PSYC 243 - Psychological Anthropology
,PSYC 244,•  PSYC 244 - Cognitive Neuroscience
,PSYC 246,•  PSYC 246 - Exploring Sensation and Perception
,PSYC 248,•  PSYC 248 - Behavioral Neuroscience
,PSYC 250,•  PSYC 250 - Developmental Psychology
,PSYC 252,"•  PSYC 252 - Distress, Dysfunction, and Disorder: Perspectives on the DSM"
,PSYC 254,•  PSYC 254 - Social Psychology
,PSYC 258,•  PSYC 258 - Industrial/Organizational Psychology
,PSYC 264,•  PSYC 264 - The Psychology of Gender
,PSYC 270,•  PSYC 270 - Psychology of Sustainable Behavior
,PSYC 272,•  PSYC 272 - Health Psychology
,PSYC 294,•  PSYC 294 - Topics Course
,PSYC 301,•  PSYC 301 - Research in Psychology II
,PSYC 342,•  PSYC 342 - Intelligence
,PSYC 350,•  PSYC 350 - Race in Developing Lives
,PSYC 364,•  PSYC 364 - Lives in Context: Psychology and Social Structure
,PSYC 368,•  PSYC 368 - Psychology of/and Disability
,PSYC 370,•  PSYC 370 - Understanding Race and Racism
,PSYC 374,•  PSYC 374 - Clinical and Counseling Psychology
,PSYC 377,•  PSYC 377 - Moral Psychology
,PSYC 378,•  PSYC 378 - Psychology of Language
,PSYC 380,•  PSYC 380 - Community Psychology and Public Health
,PSYC 385,•  PSYC 385 - Mind Reading: Understanding Functional Magnetic Resonance Imaging
,PSYC 394,•  PSYC 394 - Topics Course
,PSYC 401,•  PSYC 401 - Directed Research in Psych
,PSYC 402,•  PSYC 402 - Clinical Science Capstone
,PSYC 450,•  PSYC 450 - Research in Hemisphere Asymmetries
,PSYC 489,•  PSYC 489 - Behavioral and Experimental Economics
,PSYC 490,•  PSYC 490 - Behavioral and Experimental Economics Capstone
,PSYC 494,•  PSYC 494 - Topics Course
,RELI 100,•  RELI 100 - Introduction to Islam: Formation and Expansion
,RELI 101,•  RELI 101 - Islam in America
,RELI 102,•  RELI 102 - Modern Islam
,RELI 109,•  RELI 109 - Sufism: The Islamic Quest for Intimacy with the Beloved
,RELI 110,•  RELI 110 - The Big Questions
,RELI 111,•  RELI 111 - Introduction to Buddhism
,RELI 112,•  RELI 112 - Buddhist Literature
,RELI 120,•  RELI 120 - The Jewish Bible
,RELI 121,"•  RELI 121 - Jesus, Peter, Paul and Mary: The Beginnings of Christianity"
,RELI 124,•  RELI 124 - Dharma and Dao: Big Ideas in India and China
,RELI 126,•  RELI 126 - Religion in America
,RELI 127,•  RELI 127 - Religions of India
,RELI 130,•  RELI 130 - Folklore and Religion
,RELI 135,•  RELI 135 - India and Rome
,RELI 136,•  RELI 136 - World Religions and World Religions Discourse
,RELI 145,"•  RELI 145 - Pagans, Christians and Jews in Classical Antiquity: Cultures in Conflict"
,RELI 172,•  RELI 172 - Cambodia: Empire to Today
,RELI 194,•  RELI 194 - Topics Course
,RELI 200,•  RELI 200 - The Qur’an and the Prophet
,RELI 202,•  RELI 202 - Atheism Past and Present
,RELI 212,•  RELI 212 - Philosophy of Religion
,RELI 222,•  RELI 222 - Christianity in Late Antiquity
,RELI 223,•  RELI 223 - Orthodoxy and Heresy in Early Christianity
,RELI 225,•  RELI 225 - Women and the Bible
,RELI 226,•  RELI 226 - Martyrdom Then and Now
,RELI 232,•  RELI 232 - Religion and Food
,RELI 233,•  RELI 233 - Hindus and Muslims
,RELI 234,•  RELI 234 - Introduction to Jewish Life and Thought
,RELI 235,•  RELI 235 - Theorizing Religion
,RELI 236,•  RELI 236 - Sanskrit and Classical Religion in India
,RELI 238,"•  RELI 238 - Catholics: Culture, Identity, Politics"
,RELI 241,"•  RELI 241 - Reclaiming Zen, Yoga and Church: Asian American Religions"
,RELI 252,•  RELI 252 - Martin and Malcolm: Racial Terror and the Black Freedom Struggle
,RELI 253,•  RELI 253 - James Baldwin and the Black Religious Imagination
,RELI 254,•  RELI 254 - Dealing with the Dead
,RELI 256,"•  RELI 256 - Marxism, Anarchism, and Religion"
,RELI 276,"•  RELI 276 - Marx, the Imaginary, and Neoliberalism"
,RELI 277,•  RELI 277 - Metaphysics in Secular Thought
,RELI 278,"•  RELI 278 - Marx, Religion, and Biopolitical Race"
,RELI 294,•  RELI 294 - Topics Course
,RELI 311,•  RELI 311 - Ritual
,RELI 325,•  RELI 325 - Conquering the Flesh: Renunciation of Food and Sex in the Christian Tradition
,RELI 336,"•  RELI 336 - Gender, Caste, Deity"
,RELI 354,•  RELI 354 - Human Sacrifice: Killing for God and State
,RELI 359,•  RELI 359 - Religion and Revolution: Case Studies
,RELI 394,•  RELI 394 - Topics Course
,RELI 469,•  RELI 469 - Approaches to the Study of Religion
,RELI 494,•  RELI 494 - Topics Course
,RUSS 101,•  RUSS 101 - Elementary Russian I
,RUSS 102,•  RUSS 102 - Elementary Russian II
,RUSS 151,•  RUSS 151 - ”Things Don’t Like Me:” The Material World and Why It Matters
,RUSS 194,•  RUSS 194 - Topics Course
,RUSS 203,•  RUSS 203 - Intermediate Russian I
,RUSS 204,•  RUSS 204 - Intermediate Russian II
,RUSS 245,•  RUSS 245 - Nabokov
,RUSS 250,•  RUSS 250 - Terrorism and Art: The Spectacle of Destruction
,RUSS 251,•  RUSS 251 - Russian Literature on the Eve of Revolution
,RUSS 252,"•  RUSS 252 - Revolution, Repression, and Resistance: Soviet and Post-Soviet Literature and Culture"
,RUSS 257,•  RUSS 257 - Tolstoy’s War and Peace
,RUSS 260,•  RUSS 260 - Rise/Fall of Tsarist Russia
,RUSS 261,"•  RUSS 261 - Making History: Russian Cinema as Testimony, Propaganda, and Art"
,RUSS 262,•  RUSS 262 - Soviet Union and Successors
,RUSS 265,•  RUSS 265 - Translation as Cross-Cultural Communication
,RUSS 270,•  RUSS 270 - Wrongdoing in Russian Literature
,RUSS 272,•  RUSS 272 - The Post-Soviet Sphere
,RUSS 294,•  RUSS 294 - Topics Course
,RUSS 305,•  RUSS 305 - Advanced Russian I
,RUSS 363,•  RUSS 363 - Orientalism and Empire: Russia’s Literary South
,RUSS 364,•  RUSS 364 - Culture and Revolution
,RUSS 367,•  RUSS 367 - Dostoevsky in Translation
,RUSS 394,•  RUSS 394 - Topics Course
,RUSS 405,•  RUSS 405 - Advanced Russian II
,RUSS 488,•  RUSS 488 - Senior Seminar
,RUSS 494,•  RUSS 494 - Topics Course
,SOCI 110,•  SOCI 110 - Introduction to Sociology
,SOCI 150,•  SOCI 150 - Prius or Pickup? Political Divides and Social Class
,SOCI 170,"•  SOCI 170 - Work, Identity, and Inequality"
,SOCI 175,•  SOCI 175 - Sociolinguistics
,SOCI 180,•  SOCI 180 - Sociology of Culture
,SOCI 185,•  SOCI 185 - Masculinities
,SOCI 190,•  SOCI 190 - Criminal Behavior/Social Control
,SOCI 194,•  SOCI 194 - Topics Course
,SOCI 200,•  SOCI 200 - The Old Order is Dying and the New Cannot Be Born
,SOCI 205,•  SOCI 205 - Public Schooling in America
,SOCI 210,•  SOCI 210 - Sociology of Sexuality
,SOCI 220,•  SOCI 220 - Sociology of Race/Ethnicity
,SOCI 222,•  SOCI 222 - The Medical Industry
,SOCI 230,•  SOCI 230 - Affirmative Action Policy
,SOCI 232,•  SOCI 232 - Introduction to Social Entrepreneurship
,SOCI 248,•  SOCI 248 - Struggles for Reproductive Justice: A Global Perspective
,SOCI 250,•  SOCI 250 - Nonprofit Organizations
,SOCI 258,•  SOCI 258 - Immigrant Voices in Times of Fear
,SOCI 269,•  SOCI 269 - Social Science Inquiry
,SOCI 270,•  SOCI 270 - Interpretive Social Research
,SOCI 272,•  SOCI 272 - Social Theories
,SOCI 275,•  SOCI 275 - Comparative-Historical Methods for Social Science
,SOCI 280,•  SOCI 280 - Indigenous Peoples’ Movements in Global Context
,SOCI 283,•  SOCI 283 - Economic Sociology
,SOCI 290,•  SOCI 290 - Islam and the West
,SOCI 294,•  SOCI 294 - Topics Course
,SOCI 310,•  SOCI 310 - Law and Society
,SOCI 335,•  SOCI 335 - Families and Social Change
,SOCI 370,•  SOCI 370 - Political Sociology
,SOCI 394,•  SOCI 394 - Topics Course
,SOCI 480,•  SOCI 480 - Senior Seminar
,SOCI 494,•  SOCI 494 - Topics Course
,SPAN 101,•  SPAN 101 - Elementary Spanish I
,SPAN 102,•  SPAN 102 - Elementary Spanish II
,SPAN 110,•  SPAN 110 - Accelerated Beginning Spanish
,SPAN 151,•  SPAN 151 - Caribbean Literature and Culture: Aesthetics of Resistance
,SPAN 194,•  SPAN 194 - Topics Course
,SPAN 203,•  SPAN 203 - Intermediate Spanish I
,SPAN 204,•  SPAN 204 - Intermediate Spanish II
,SPAN 220,•  SPAN 220 - Accelerated Intermediate Spanish
,SPAN 294,•  SPAN 294 - Topics Course
,SPAN 305,•  SPAN 305 - Advanced Oral and Written Expression
,SPAN 306,•  SPAN 306 - Spanish for Heritage Speakers
,SPAN 307,•  SPAN 307 - Introduction to the Analysis of Hispanic Texts
,SPAN 308,•  SPAN 308 - Introduction to U.S. Latinx Studies
,SPAN 309,•  SPAN 309 - Introduction to Hispanic Linguistics
,SPAN 316,"•  SPAN 316 - Mapping the New World: Exploration, Encounters, and Disasters"
,SPAN 325,"•  SPAN 325 - Dictators, Revolutions and Insurrections"
,SPAN 330,•  SPAN 330 - Advanced Spanish Grammar: Meaning and Communication
,SPAN 332,•  SPAN 332 - Spanish in the United States
,SPAN 334,•  SPAN 334 - Spanish in the Workplace
,SPAN 343,•  SPAN 343 - Culture and Politics in Spain from Civil War to Today
,SPAN 354,•  SPAN 354 - Here and There: Superando Limites
,SPAN 355,•  SPAN 355 - Cultural Resistance and Survival: Indigenous and African Peoples in Early Spanish America
,SPAN 357,•  SPAN 357 - El Quijote as Timeless Text
,SPAN 359,•  SPAN 359 - ”Neither Saints Nor Sinners”: Women Writers of the Early Modern Hispanic World
,SPAN 360,•  SPAN 360 - One Hundred Years of Plenitude: Modern and Postmodern Hispanic Fiction
,SPAN 361,•  SPAN 361 - The Fight Against Tradition: From the Enlightenment to the Avant-Garde
,SPAN 362,•  SPAN 362 - Modern Hispanic Novel and the Visual Arts
,SPAN 373,•  SPAN 373 - Translation: Theory/Practice
,SPAN 375,•  SPAN 375 - History of the Spanish Language
,SPAN 376,•  SPAN 376 - Spanish Dialectology
,SPAN 377,•  SPAN 377 - Applied Linguistics: Spanish Second Language Acquisition
,SPAN 382,•  SPAN 382 - Constructing the Nation
,SPAN 385,•  SPAN 385 - Frontera: The U.S./Mexico Border
,SPAN 386,•  SPAN 386 - Constructions of a Female Killer
,SPAN 387,•  SPAN 387 - Latinx in the Midwest
,SPAN 394,•  SPAN 394 - Topics Course
,SPAN 488,•  SPAN 488 - Senior Seminar
,SPAN 494,•  SPAN 494 - Topics Course
,THDA 105,•  THDA 105 - Seeing Performance in the Twin Cities
,THDA 112,•  THDA 112 - Reading Plays
,THDA 113,•  THDA 113 - The Power of the Dancing Body
,THDA 120,•  THDA 120 - Acting
,THDA 125,•  THDA 125 - Technologies of Performance
,THDA 145,•  THDA 145 - Make-Up Design and Application
,THDA 194,•  THDA 194 - Topics Course
,THDA 215,•  THDA 215 - Dance History: Reading the Dancing Body
,THDA 217,•  THDA 217 - Gender and Race Theory in Performance
,THDA 220,•  THDA 220 - Voice in Performance
,THDA 221,•  THDA 221 - Dance Composition
,THDA 225,•  THDA 225 - Technologies of Performance II
,THDA 230,"•  THDA 230 - The Art of Play: Action, Invention, and Chaos"
,THDA 232,•  THDA 232 - Crafting the Tangible
,THDA 235,•  THDA 235 - Fundamentals of Scenography
,THDA 242,•  THDA 242 - Playwriting
,THDA 245,•  THDA 245 - Performance Histories and Theories: From the Historical Avant-Garde to the Present
,THDA 250,•  THDA 250 - Experiential Anatomy and the Mind Body Connection
,THDA 255,•  THDA 255 - Lighting Design
,THDA 285,•  THDA 285 - Costume Design
,THDA 287,•  THDA 287 - Creative Technologies: Tools of Performance Design
,THDA 294,•  THDA 294 - Topics Course
,THDA 350,•  THDA 350 - Directing for the Stage
,THDA 360,•  THDA 360 - Acting Approaches
,THDA 375,•  THDA 375 - Set Design
,THDA 385,•  THDA 385 - Intermediate Playwriting
,THDA 394,•  THDA 394 - Topics Course
,THDA 490,•  THDA 490 - Capstone and Honors Seminar
,THDA 494,•  THDA 494 - Topics Course
,WGSS 100,"•  WGSS 100 - Introduction to Women’s, Gender, and Sexuality Studies"
,WGSS 117,"•  WGSS 117 - Women, Health, Reproduction"
,WGSS 127,"•  WGSS 127 - Women, Gender and Sexuality in Ancient Greece and Rome"
,WGSS 141,•  WGSS 141 - Latin America Through Women’s Eyes
,WGSS 150,•  WGSS 150 - Language and Gender in Japanese Society
,WGSS 170,•  WGSS 170 - History of Childhood
,WGSS 185,•  WGSS 185 - Masculinities
,WGSS 194,•  WGSS 194 - Topics Course
,WGSS 200,•  WGSS 200 - Feminist/Queer Theories and Methodologies
,WGSS 201,•  WGSS 201 - History of U.S. Feminisms
,WGSS 205,•  WGSS 205 - Trans Theories and Politics
,WGSS 210,•  WGSS 210 - 20th Century Anglophone Women Writers
,WGSS 217,•  WGSS 217 - Gender and Race Theory in Performance
,WGSS 218,•  WGSS 218 - Philosophy of Race and Gender
,WGSS 220,•  WGSS 220 - Feminist Reconstructions: Indian
,WGSS 225,•  WGSS 225 - Women and the Bible
,WGSS 228,"•  WGSS 228 - The Law, Economy, and Family in the Anglo-American Tradition"
,WGSS 229,•  WGSS 229 - Narrating Black Women’s Resistance
,WGSS 240,•  WGSS 240 - Comparative Feminisms: Whiteness and Postcolonialisms
,WGSS 242,•  WGSS 242 - Economics of Gender
,WGSS 248,•  WGSS 248 - Struggles for Reproductive Justice: A Global Perspective
,WGSS 250,"•  WGSS 250 - Race, Gender, and Medicine"
,WGSS 252,"•  WGSS 252 - Gender, Sexualities and Feminist Visual Culture"
,WGSS 258,•  WGSS 258 - Gender and Sexuality in China
,WGSS 259,"•  WGSS 259 - Women, Gender, and the Family in Contemporary Europe"
,WGSS 261,•  WGSS 261 - Feminist Political Theory
,WGSS 262,•  WGSS 262 - Performing Feminisms
,WGSS 263,•  WGSS 263 - Muslim Women Writers
,WGSS 264,•  WGSS 264 - Psychology of Gender
,WGSS 294,•  WGSS 294 - Topics Course
,WGSS 300,•  WGSS 300 - Worlds Upside Down: Revolutions in Theories and Practices
,WGSS 305,•  WGSS 305 - Telling Queer and Trans Stories: Oral History as Method and Practice
,WGSS 308,•  WGSS 308 - Literature and Sexuality
,WGSS 310,"•  WGSS 310 - Gendered, Feminist, and Womanist Writings"
,WGSS 315,•  WGSS 315 - Comparative (Neo/Post) Modernities
,WGSS 324,"•  WGSS 324 - Women, Peace and Security"
,WGSS 325,•  WGSS 325 - Conquering the Flesh: Renunciation of Food and Sex in the Christian Tradition
,WGSS 330,"•  WGSS 330 - Democracies, Feminisms, Capitalisms"
,WGSS 346,•  WGSS 346 - Constructions of a Female Killer
,WGSS 354,•  WGSS 354 - Gender and Music
,WGSS 355,"•  WGSS 355 - Abolition Feminism: Race, Gender, Sexuality and Critical Prison Studies"
,WGSS 364,•  WGSS 364 - Lives in Context: Psychology and Social Structure
,WGSS 368,•  WGSS 368 - Psychology of/and Disability
,WGSS 394,•  WGSS 394 - Topics Course
,WGSS 400,•  WGSS 400 - Senior Seminar: Linking Theory and Practice
,WGSS 405,•  WGSS 405 - Senior Seminar: Topics
,WGSS 494,•  WGSS 494 - Topics Course